Country/area,Other_2019,Other_2021,AlcoholicBeverages_2019,AlcoholicBeverages_2021,Sugar_2019,Sugar_2021,OilsAndFats_2019,OilsAndFats_2021,Meat_2019,Meat_2021,DairyAndEggs_2019,DairyAndEggs_2021,FruitsAndVeg_2019,FruitsAndVeg_2021,StarchyRoots_2019,StarchyRoots_2021,Pulses_2019,Pulses_2021,CerealsAndGrains_2019,CerealsAndGrains_2021
Afghanistan,9.00 kcal,10.00 kcal,0.00 kcal,0.00 kcal,156.00 kcal,132.00 kcal,247.00 kcal,246.00 kcal,42.00 kcal,45.00 kcal,93.00 kcal,94.00 kcal,106.00 kcal,104.00 kcal,47.00 kcal,39.00 kcal,17.00 kcal,16.00 kcal,"1,511.00 kcal","1,512.00 kcal"
Albania,67.00 kcal,68.00 kcal,50.00 kcal,50.00 kcal,213.00 kcal,246.00 kcal,387.00 kcal,379.00 kcal,229.00 kcal,261.00 kcal,729.00 kcal,695.00 kcal,530.00 kcal,580.00 kcal,84.00 kcal,87.00 kcal,47.00 kcal,47.00 kcal,"1,039.00 kcal",985.00 kcal
Algeria,30.00 kcal,27.00 kcal,6.00 kcal,5.00 kcal,297.00 kcal,295.00 kcal,572.00 kcal,616.00 kcal,109.00 kcal,99.00 kcal,286.00 kcal,276.00 kcal,412.00 kcal,393.00 kcal,117.00 kcal,109.00 kcal,61.00 kcal,61.00 kcal,"1,590.00 kcal","1,616.00 kcal"
Angola,13.00 kcal,15.00 kcal,79.00 kcal,73.00 kcal,140.00 kcal,132.00 kcal,336.00 kcal,314.00 kcal,139.00 kcal,127.00 kcal,12.00 kcal,16.00 kcal,129.00 kcal,129.00 kcal,774.00 kcal,810.00 kcal,69.00 kcal,67.00 kcal,735.00 kcal,705.00 kcal
Antigua and Barbuda,90.99 kcal,66.99 kcal,137.99 kcal,126.99 kcal,240.98 kcal,264.97 kcal,389.97 kcal,418.96 kcal,435.97 kcal,437.96 kcal,186.99 kcal,198.98 kcal,271.98 kcal,211.98 kcal,42.00 kcal,51.99 kcal,27.00 kcal,5.00 kcal,630.95 kcal,622.94 kcal
Argentina,55.00 kcal,59.00 kcal,113.00 kcal,111.00 kcal,452.00 kcal,382.00 kcal,498.00 kcal,592.00 kcal,557.00 kcal,578.00 kcal,293.00 kcal,326.00 kcal,147.00 kcal,145.00 kcal,84.00 kcal,90.00 kcal,52.00 kcal,76.00 kcal,"1,020.00 kcal",981.00 kcal
Armenia,106.00 kcal,100.00 kcal,28.00 kcal,29.00 kcal,323.00 kcal,307.00 kcal,451.00 kcal,440.00 kcal,310.00 kcal,314.00 kcal,463.00 kcal,469.00 kcal,278.00 kcal,301.00 kcal,122.00 kcal,120.00 kcal,23.00 kcal,26.00 kcal,"1,126.00 kcal","1,112.00 kcal"
Australia,121.00 kcal,106.00 kcal,164.00 kcal,211.00 kcal,418.00 kcal,419.00 kcal,829.00 kcal,780.00 kcal,496.00 kcal,482.00 kcal,435.00 kcal,401.00 kcal,176.00 kcal,186.00 kcal,95.00 kcal,98.00 kcal,53.00 kcal,81.00 kcal,715.00 kcal,690.00 kcal
Austria,46.00 kcal,37.00 kcal,202.00 kcal,207.00 kcal,416.00 kcal,372.00 kcal,"1,164.00 kcal","1,178.00 kcal",374.00 kcal,353.00 kcal,388.00 kcal,447.00 kcal,216.00 kcal,209.00 kcal,102.00 kcal,90.00 kcal,15.00 kcal,16.00 kcal,890.00 kcal,908.00 kcal
Azerbaijan,58.00 kcal,67.00 kcal,153.00 kcal,170.00 kcal,257.00 kcal,254.00 kcal,376.00 kcal,433.00 kcal,180.00 kcal,188.00 kcal,305.00 kcal,315.00 kcal,240.00 kcal,253.00 kcal,141.00 kcal,145.00 kcal,5.00 kcal,7.00 kcal,"1,553.00 kcal","1,550.00 kcal"
Bahamas,156.00 kcal,166.00 kcal,125.00 kcal,126.00 kcal,334.00 kcal,289.99 kcal,373.00 kcal,388.99 kcal,452.00 kcal,533.99 kcal,195.00 kcal,186.00 kcal,248.00 kcal,251.99 kcal,31.00 kcal,34.00 kcal,3.00 kcal,2.00 kcal,637.00 kcal,593.99 kcal
Bahrain,122.00 kcal,142.00 kcal,43.00 kcal,35.00 kcal,493.00 kcal,476.00 kcal,648.00 kcal,744.00 kcal,420.00 kcal,404.00 kcal,254.00 kcal,213.00 kcal,277.00 kcal,270.00 kcal,66.00 kcal,63.00 kcal,54.00 kcal,56.00 kcal,"1,103.00 kcal","1,087.00 kcal"
Bangladesh,27.00 kcal,42.00 kcal,0.00 kcal,0.00 kcal,79.00 kcal,83.00 kcal,203.00 kcal,204.00 kcal,72.00 kcal,70.00 kcal,52.00 kcal,55.00 kcal,76.00 kcal,94.00 kcal,92.00 kcal,91.00 kcal,72.00 kcal,84.00 kcal,"1,839.00 kcal","1,889.00 kcal"
Barbados,201.99 kcal,173.00 kcal,93.00 kcal,83.00 kcal,594.97 kcal,536.99 kcal,401.98 kcal,511.99 kcal,393.98 kcal,434.99 kcal,206.99 kcal,224.00 kcal,182.99 kcal,184.00 kcal,102.00 kcal,112.00 kcal,53.00 kcal,58.00 kcal,906.96 kcal,855.99 kcal
Belarus,88.00 kcal,91.00 kcal,191.00 kcal,198.00 kcal,290.00 kcal,391.00 kcal,639.00 kcal,600.00 kcal,400.00 kcal,421.00 kcal,344.00 kcal,358.00 kcal,209.00 kcal,206.00 kcal,304.00 kcal,274.00 kcal,8.00 kcal,9.00 kcal,820.00 kcal,771.00 kcal
Belgium,52.00 kcal,71.00 kcal,167.00 kcal,163.00 kcal,493.00 kcal,491.00 kcal,"1,145.00 kcal","1,125.00 kcal",279.00 kcal,298.00 kcal,492.00 kcal,507.00 kcal,237.00 kcal,277.00 kcal,159.00 kcal,164.00 kcal,35.00 kcal,48.00 kcal,789.00 kcal,749.00 kcal
Belize,110.00 kcal,130.00 kcal,110.00 kcal,106.00 kcal,402.00 kcal,349.99 kcal,545.00 kcal,502.99 kcal,322.00 kcal,313.99 kcal,186.00 kcal,231.00 kcal,129.00 kcal,89.00 kcal,41.00 kcal,52.00 kcal,63.00 kcal,38.00 kcal,955.99 kcal,"1,036.98 kcal"
Benin,71.00 kcal,101.00 kcal,75.00 kcal,75.00 kcal,112.00 kcal,86.00 kcal,399.00 kcal,458.00 kcal,96.00 kcal,94.00 kcal,28.00 kcal,20.00 kcal,84.00 kcal,86.00 kcal,737.00 kcal,727.00 kcal,92.00 kcal,86.00 kcal,992.00 kcal,"1,033.00 kcal"
Bermuda,,,,,,,,,,,,,,,,,,,,
Bhutan,109.00 kcal,119.00 kcal,80.00 kcal,82.00 kcal,168.00 kcal,145.00 kcal,312.00 kcal,377.00 kcal,94.00 kcal,77.00 kcal,292.00 kcal,309.00 kcal,75.00 kcal,76.00 kcal,129.00 kcal,128.00 kcal,49.00 kcal,65.00 kcal,"1,938.98 kcal","1,863.98 kcal"
Bolivia,41.00 kcal,40.00 kcal,48.00 kcal,42.00 kcal,276.00 kcal,276.00 kcal,252.00 kcal,198.00 kcal,340.00 kcal,338.00 kcal,102.00 kcal,98.00 kcal,163.00 kcal,160.00 kcal,216.00 kcal,217.00 kcal,52.00 kcal,43.00 kcal,931.00 kcal,949.00 kcal
Bosnia and Herzegovina,178.00 kcal,191.00 kcal,205.00 kcal,208.00 kcal,258.00 kcal,253.00 kcal,341.00 kcal,339.00 kcal,237.00 kcal,243.00 kcal,369.00 kcal,315.00 kcal,329.00 kcal,343.00 kcal,153.00 kcal,152.00 kcal,55.00 kcal,67.00 kcal,"1,216.00 kcal","1,259.00 kcal"
Botswana,95.00 kcal,103.00 kcal,201.00 kcal,175.00 kcal,248.00 kcal,251.00 kcal,320.00 kcal,355.00 kcal,96.00 kcal,122.00 kcal,238.00 kcal,286.00 kcal,74.00 kcal,89.00 kcal,113.00 kcal,114.00 kcal,7.00 kcal,30.00 kcal,"1,184.00 kcal","1,081.00 kcal"
Brazil,24.00 kcal,24.00 kcal,106.00 kcal,96.00 kcal,431.00 kcal,377.00 kcal,688.00 kcal,736.00 kcal,448.00 kcal,438.00 kcal,326.00 kcal,326.00 kcal,161.00 kcal,160.00 kcal,126.00 kcal,128.00 kcal,112.00 kcal,107.00 kcal,861.00 kcal,908.00 kcal
Brunei,,,,,,,,,,,,,,,,,,,,
Bulgaria,49.00 kcal,55.00 kcal,130.00 kcal,134.00 kcal,309.00 kcal,263.00 kcal,664.00 kcal,691.00 kcal,268.00 kcal,277.00 kcal,315.00 kcal,326.00 kcal,166.00 kcal,166.00 kcal,46.00 kcal,45.00 kcal,18.00 kcal,16.00 kcal,906.00 kcal,978.00 kcal
Burkina Faso,41.00 kcal,44.00 kcal,64.00 kcal,63.00 kcal,62.00 kcal,50.00 kcal,307.00 kcal,390.00 kcal,208.00 kcal,195.00 kcal,48.00 kcal,46.00 kcal,119.00 kcal,104.00 kcal,19.00 kcal,25.00 kcal,311.00 kcal,225.00 kcal,"1,453.00 kcal","1,519.00 kcal"
Burundi,3.00 kcal,4.00 kcal,41.00 kcal,39.00 kcal,40.00 kcal,55.00 kcal,73.00 kcal,67.00 kcal,24.00 kcal,23.00 kcal,11.00 kcal,12.00 kcal,160.00 kcal,161.00 kcal,849.00 kcal,848.00 kcal,253.00 kcal,253.00 kcal,324.00 kcal,314.00 kcal
Cambodia,24.00 kcal,26.00 kcal,47.00 kcal,86.00 kcal,353.00 kcal,367.00 kcal,207.00 kcal,227.00 kcal,163.00 kcal,167.00 kcal,11.00 kcal,14.00 kcal,48.00 kcal,41.00 kcal,324.00 kcal,326.00 kcal,39.00 kcal,39.00 kcal,"1,596.00 kcal","1,516.00 kcal"
Cameroon,28.00 kcal,26.00 kcal,106.00 kcal,74.00 kcal,109.00 kcal,115.00 kcal,404.00 kcal,369.00 kcal,92.00 kcal,102.00 kcal,25.00 kcal,30.00 kcal,285.00 kcal,274.00 kcal,487.00 kcal,486.00 kcal,181.00 kcal,160.00 kcal,"1,116.00 kcal","1,171.00 kcal"
Canada,66.00 kcal,66.00 kcal,93.00 kcal,90.00 kcal,428.00 kcal,432.00 kcal,992.00 kcal,"1,047.00 kcal",400.00 kcal,371.00 kcal,297.00 kcal,306.00 kcal,222.00 kcal,215.00 kcal,134.00 kcal,148.00 kcal,90.00 kcal,60.00 kcal,859.00 kcal,852.00 kcal
Cape Verde,94.00 kcal,76.00 kcal,65.00 kcal,56.00 kcal,171.00 kcal,187.99 kcal,284.00 kcal,378.99 kcal,198.00 kcal,190.99 kcal,176.00 kcal,176.00 kcal,122.00 kcal,110.00 kcal,74.00 kcal,70.00 kcal,111.00 kcal,99.00 kcal,"1,303.98 kcal","1,293.96 kcal"
Central African Republic,17.00 kcal,13.00 kcal,18.00 kcal,17.00 kcal,78.00 kcal,77.00 kcal,420.00 kcal,398.00 kcal,191.00 kcal,186.00 kcal,29.00 kcal,25.00 kcal,94.00 kcal,88.00 kcal,631.00 kcal,613.00 kcal,78.00 kcal,80.00 kcal,295.00 kcal,284.00 kcal
Chad,24.00 kcal,27.00 kcal,5.00 kcal,5.00 kcal,94.00 kcal,98.00 kcal,395.00 kcal,384.00 kcal,260.00 kcal,268.00 kcal,44.00 kcal,49.00 kcal,19.00 kcal,18.00 kcal,122.00 kcal,113.00 kcal,79.00 kcal,88.00 kcal,"1,256.00 kcal","1,154.00 kcal"
Chile,49.00 kcal,65.00 kcal,124.00 kcal,135.00 kcal,401.00 kcal,439.00 kcal,361.00 kcal,375.00 kcal,434.00 kcal,461.00 kcal,213.00 kcal,229.00 kcal,150.00 kcal,178.00 kcal,112.00 kcal,91.00 kcal,33.00 kcal,27.00 kcal,"1,171.00 kcal","1,129.00 kcal"
China,36.00 kcal,39.00 kcal,98.00 kcal,94.00 kcal,83.00 kcal,78.00 kcal,403.00 kcal,433.00 kcal,415.00 kcal,413.00 kcal,134.00 kcal,145.00 kcal,431.00 kcal,443.00 kcal,142.00 kcal,138.00 kcal,16.00 kcal,16.00 kcal,"1,548.00 kcal","1,607.00 kcal"
Colombia,26.00 kcal,27.00 kcal,65.00 kcal,76.00 kcal,578.00 kcal,577.00 kcal,422.00 kcal,454.00 kcal,305.00 kcal,300.00 kcal,254.00 kcal,260.00 kcal,268.00 kcal,268.00 kcal,174.00 kcal,163.00 kcal,68.00 kcal,47.00 kcal,885.00 kcal,918.00 kcal
Comoros,74.00 kcal,52.00 kcal,3.00 kcal,4.00 kcal,222.00 kcal,123.00 kcal,464.00 kcal,410.00 kcal,61.00 kcal,168.00 kcal,46.00 kcal,63.00 kcal,124.00 kcal,201.00 kcal,324.00 kcal,353.00 kcal,159.00 kcal,106.00 kcal,"1,012.00 kcal",986.00 kcal
Congo,31.00 kcal,46.00 kcal,71.00 kcal,70.00 kcal,95.00 kcal,98.00 kcal,334.00 kcal,334.00 kcal,192.00 kcal,222.00 kcal,11.00 kcal,14.00 kcal,108.00 kcal,86.00 kcal,820.00 kcal,814.00 kcal,27.00 kcal,24.00 kcal,452.00 kcal,486.00 kcal
Costa Rica,30.00 kcal,32.00 kcal,82.00 kcal,122.00 kcal,489.00 kcal,444.00 kcal,552.00 kcal,525.00 kcal,287.00 kcal,287.00 kcal,361.00 kcal,379.00 kcal,146.00 kcal,111.00 kcal,40.00 kcal,32.00 kcal,79.00 kcal,85.00 kcal,953.00 kcal,972.00 kcal
Cote d'Ivoire,62.00 kcal,95.00 kcal,24.00 kcal,26.00 kcal,113.00 kcal,110.00 kcal,347.00 kcal,319.00 kcal,93.00 kcal,94.00 kcal,17.00 kcal,19.00 kcal,176.00 kcal,185.00 kcal,942.00 kcal,935.00 kcal,15.00 kcal,15.00 kcal,"1,057.00 kcal","1,119.00 kcal"
Croatia,105.00 kcal,97.00 kcal,174.00 kcal,185.00 kcal,441.00 kcal,373.00 kcal,542.00 kcal,654.00 kcal,384.00 kcal,411.00 kcal,355.00 kcal,347.00 kcal,263.00 kcal,260.00 kcal,74.00 kcal,65.00 kcal,13.00 kcal,11.00 kcal,831.00 kcal,856.00 kcal
Cuba,20.00 kcal,15.00 kcal,131.00 kcal,153.00 kcal,522.00 kcal,509.00 kcal,280.00 kcal,564.00 kcal,332.00 kcal,237.00 kcal,181.00 kcal,139.00 kcal,307.00 kcal,246.00 kcal,286.00 kcal,209.00 kcal,154.00 kcal,117.00 kcal,"1,210.00 kcal","1,228.00 kcal"
Cyprus,150.00 kcal,147.00 kcal,116.00 kcal,96.00 kcal,228.00 kcal,240.00 kcal,528.00 kcal,518.00 kcal,377.00 kcal,346.00 kcal,341.00 kcal,388.00 kcal,156.00 kcal,168.00 kcal,38.00 kcal,39.00 kcal,24.00 kcal,24.00 kcal,"1,085.00 kcal","1,078.00 kcal"
Czechia,85.00 kcal,88.00 kcal,329.00 kcal,319.00 kcal,349.00 kcal,383.00 kcal,903.00 kcal,928.00 kcal,348.00 kcal,353.00 kcal,346.00 kcal,362.00 kcal,162.00 kcal,172.00 kcal,122.00 kcal,108.00 kcal,20.00 kcal,24.00 kcal,680.00 kcal,666.00 kcal
Czechoslovakia,,,,,,,,,,,,,,,,,,,,
Democratic Republic of Congo,7.00 kcal,10.00 kcal,14.00 kcal,12.00 kcal,36.00 kcal,27.00 kcal,177.00 kcal,160.00 kcal,26.00 kcal,21.00 kcal,1.00 kcal,1.00 kcal,120.00 kcal,114.00 kcal,"1,412.00 kcal","1,405.00 kcal",34.00 kcal,32.00 kcal,330.00 kcal,315.00 kcal
Denmark,87.00 kcal,112.00 kcal,158.00 kcal,172.00 kcal,488.00 kcal,480.00 kcal,791.00 kcal,706.00 kcal,381.00 kcal,363.00 kcal,573.00 kcal,616.00 kcal,192.00 kcal,202.00 kcal,118.00 kcal,120.00 kcal,8.00 kcal,14.00 kcal,784.00 kcal,798.00 kcal
Djibouti,83.00 kcal,105.00 kcal,8.00 kcal,9.00 kcal,407.00 kcal,373.00 kcal,374.00 kcal,419.00 kcal,76.00 kcal,79.00 kcal,102.00 kcal,144.00 kcal,122.00 kcal,123.00 kcal,35.00 kcal,48.00 kcal,127.00 kcal,142.00 kcal,"1,459.99 kcal","1,371.00 kcal"
Dominica,168.96 kcal,182.94 kcal,101.98 kcal,104.96 kcal,426.90 kcal,430.85 kcal,313.93 kcal,207.93 kcal,371.92 kcal,413.86 kcal,224.95 kcal,225.92 kcal,454.90 kcal,517.82 kcal,340.92 kcal,336.88 kcal,53.99 kcal,58.98 kcal,524.88 kcal,503.83 kcal
Dominican Republic,41.00 kcal,37.00 kcal,88.00 kcal,74.00 kcal,411.00 kcal,405.00 kcal,520.00 kcal,504.00 kcal,231.00 kcal,233.00 kcal,240.00 kcal,240.00 kcal,648.00 kcal,629.00 kcal,90.00 kcal,93.00 kcal,91.00 kcal,88.00 kcal,690.00 kcal,803.00 kcal
East Timor,40.00 kcal,44.00 kcal,2.00 kcal,2.00 kcal,149.00 kcal,151.00 kcal,370.00 kcal,320.00 kcal,133.00 kcal,93.00 kcal,26.00 kcal,34.00 kcal,48.00 kcal,52.00 kcal,94.00 kcal,83.00 kcal,55.00 kcal,62.00 kcal,"1,317.00 kcal","1,357.00 kcal"
Ecuador,29.00 kcal,30.00 kcal,53.00 kcal,51.00 kcal,257.00 kcal,255.00 kcal,522.00 kcal,539.00 kcal,214.00 kcal,231.00 kcal,198.00 kcal,194.00 kcal,110.00 kcal,117.00 kcal,44.00 kcal,45.00 kcal,20.00 kcal,21.00 kcal,"1,059.00 kcal","1,100.00 kcal"
Egypt,29.00 kcal,18.00 kcal,2.00 kcal,1.00 kcal,288.00 kcal,270.00 kcal,244.00 kcal,270.00 kcal,156.00 kcal,164.00 kcal,104.00 kcal,101.00 kcal,275.00 kcal,274.00 kcal,61.00 kcal,79.00 kcal,34.00 kcal,34.00 kcal,"1,947.00 kcal","1,916.00 kcal"
El Salvador,42.00 kcal,46.00 kcal,55.00 kcal,60.00 kcal,353.00 kcal,337.00 kcal,239.00 kcal,277.00 kcal,185.00 kcal,196.00 kcal,222.00 kcal,251.00 kcal,175.00 kcal,194.00 kcal,59.00 kcal,68.00 kcal,152.00 kcal,164.00 kcal,"1,339.00 kcal","1,197.00 kcal"
Estonia,108.00 kcal,111.00 kcal,256.00 kcal,278.00 kcal,302.00 kcal,332.00 kcal,673.00 kcal,638.00 kcal,322.00 kcal,340.00 kcal,649.00 kcal,675.00 kcal,179.00 kcal,178.00 kcal,124.00 kcal,103.00 kcal,49.00 kcal,39.00 kcal,591.00 kcal,594.00 kcal
Eswatini,40.00 kcal,76.00 kcal,102.00 kcal,105.00 kcal,367.00 kcal,314.00 kcal,234.00 kcal,288.00 kcal,149.00 kcal,143.00 kcal,98.00 kcal,101.00 kcal,86.00 kcal,101.00 kcal,150.00 kcal,145.00 kcal,24.00 kcal,28.00 kcal,"1,236.99 kcal","1,249.00 kcal"
Ethiopia,47.00 kcal,45.00 kcal,25.00 kcal,17.00 kcal,65.00 kcal,80.00 kcal,90.00 kcal,245.00 kcal,35.00 kcal,36.00 kcal,65.00 kcal,64.00 kcal,27.00 kcal,31.00 kcal,69.00 kcal,74.00 kcal,183.00 kcal,207.00 kcal,"1,803.00 kcal","1,670.00 kcal"
Ethiopia (former),,,,,,,,,,,,,,,,,,,,
Fiji,53.00 kcal,83.00 kcal,49.00 kcal,39.00 kcal,408.00 kcal,421.00 kcal,526.00 kcal,545.00 kcal,280.00 kcal,247.00 kcal,88.00 kcal,94.00 kcal,120.00 kcal,141.00 kcal,343.00 kcal,373.00 kcal,70.00 kcal,63.00 kcal,884.00 kcal,870.00 kcal
Finland,106.00 kcal,98.00 kcal,154.00 kcal,146.00 kcal,361.00 kcal,343.00 kcal,437.00 kcal,443.00 kcal,427.00 kcal,434.00 kcal,589.00 kcal,596.00 kcal,184.00 kcal,172.00 kcal,115.00 kcal,114.00 kcal,22.00 kcal,35.00 kcal,947.00 kcal,939.00 kcal
France,95.00 kcal,110.00 kcal,219.00 kcal,187.00 kcal,327.00 kcal,381.00 kcal,766.00 kcal,746.00 kcal,445.00 kcal,440.00 kcal,451.00 kcal,471.00 kcal,201.00 kcal,208.00 kcal,109.00 kcal,113.00 kcal,12.00 kcal,13.00 kcal,910.00 kcal,935.00 kcal
French Polynesia,154.99 kcal,181.00 kcal,92.00 kcal,86.00 kcal,229.99 kcal,236.99 kcal,509.98 kcal,554.99 kcal,467.98 kcal,478.99 kcal,195.99 kcal,204.99 kcal,128.00 kcal,134.00 kcal,134.00 kcal,135.00 kcal,11.00 kcal,14.00 kcal,897.97 kcal,831.98 kcal
Gabon,44.00 kcal,49.00 kcal,103.00 kcal,107.00 kcal,203.00 kcal,175.00 kcal,292.00 kcal,253.00 kcal,320.00 kcal,335.00 kcal,48.00 kcal,47.00 kcal,299.00 kcal,289.00 kcal,433.00 kcal,421.00 kcal,2.00 kcal,2.00 kcal,862.00 kcal,915.00 kcal
Gambia,32.00 kcal,26.00 kcal,11.00 kcal,8.00 kcal,509.00 kcal,499.00 kcal,380.00 kcal,412.00 kcal,117.00 kcal,115.00 kcal,108.00 kcal,113.00 kcal,24.00 kcal,23.00 kcal,18.00 kcal,18.00 kcal,8.00 kcal,7.00 kcal,"1,269.00 kcal","1,214.00 kcal"
Georgia,124.00 kcal,129.00 kcal,79.00 kcal,63.00 kcal,481.00 kcal,411.00 kcal,357.00 kcal,351.00 kcal,188.00 kcal,182.00 kcal,352.00 kcal,369.00 kcal,121.00 kcal,126.00 kcal,85.00 kcal,97.00 kcal,2.00 kcal,1.00 kcal,"1,268.00 kcal","1,326.00 kcal"
Germany,44.00 kcal,44.00 kcal,207.00 kcal,216.00 kcal,436.00 kcal,457.00 kcal,947.00 kcal,964.00 kcal,360.00 kcal,343.00 kcal,537.00 kcal,544.00 kcal,203.00 kcal,211.00 kcal,121.00 kcal,111.00 kcal,5.00 kcal,7.00 kcal,774.00 kcal,738.00 kcal
Ghana,41.00 kcal,47.00 kcal,27.00 kcal,33.00 kcal,154.00 kcal,171.00 kcal,262.00 kcal,266.00 kcal,111.00 kcal,137.00 kcal,18.00 kcal,20.00 kcal,347.00 kcal,334.00 kcal,"1,196.00 kcal","1,141.00 kcal",57.00 kcal,56.00 kcal,797.00 kcal,877.00 kcal
Greece,63.00 kcal,61.00 kcal,101.00 kcal,87.00 kcal,293.00 kcal,363.00 kcal,957.00 kcal,885.00 kcal,346.00 kcal,333.00 kcal,461.00 kcal,453.00 kcal,284.00 kcal,264.00 kcal,99.00 kcal,86.00 kcal,28.00 kcal,29.00 kcal,790.00 kcal,788.00 kcal
Grenada,213.97 kcal,235.97 kcal,115.98 kcal,87.99 kcal,291.96 kcal,283.97 kcal,356.95 kcal,421.95 kcal,355.95 kcal,402.95 kcal,266.96 kcal,255.97 kcal,227.97 kcal,256.97 kcal,77.99 kcal,48.99 kcal,29.00 kcal,33.00 kcal,562.92 kcal,579.93 kcal
Guatemala,19.00 kcal,19.00 kcal,33.00 kcal,38.00 kcal,486.00 kcal,574.00 kcal,293.00 kcal,344.00 kcal,173.00 kcal,171.00 kcal,115.00 kcal,126.00 kcal,154.00 kcal,216.00 kcal,49.00 kcal,50.00 kcal,88.00 kcal,86.00 kcal,"1,225.00 kcal","1,132.00 kcal"
Guinea,16.00 kcal,23.00 kcal,3.00 kcal,5.00 kcal,130.00 kcal,176.00 kcal,520.00 kcal,411.00 kcal,97.00 kcal,103.00 kcal,49.00 kcal,44.00 kcal,195.00 kcal,196.00 kcal,545.00 kcal,600.00 kcal,36.00 kcal,35.00 kcal,"1,221.00 kcal","1,310.00 kcal"
Guinea-Bissau,20.00 kcal,20.00 kcal,38.00 kcal,39.00 kcal,55.00 kcal,33.00 kcal,379.00 kcal,371.00 kcal,87.00 kcal,84.00 kcal,42.00 kcal,44.00 kcal,91.00 kcal,90.00 kcal,170.00 kcal,145.00 kcal,15.00 kcal,16.00 kcal,"1,283.00 kcal","1,323.99 kcal"
Guyana,144.00 kcal,153.00 kcal,47.00 kcal,48.00 kcal,281.00 kcal,319.00 kcal,204.00 kcal,203.00 kcal,299.00 kcal,344.00 kcal,192.00 kcal,233.00 kcal,594.99 kcal,589.00 kcal,135.00 kcal,149.00 kcal,70.00 kcal,73.00 kcal,"1,140.98 kcal","1,080.00 kcal"
Haiti,23.00 kcal,19.00 kcal,115.00 kcal,86.00 kcal,247.00 kcal,242.00 kcal,212.00 kcal,199.00 kcal,101.00 kcal,110.00 kcal,35.00 kcal,30.00 kcal,169.00 kcal,177.00 kcal,121.00 kcal,122.00 kcal,87.00 kcal,86.00 kcal,"1,001.00 kcal","1,006.00 kcal"
Honduras,40.00 kcal,41.00 kcal,47.00 kcal,57.00 kcal,437.00 kcal,385.00 kcal,508.00 kcal,548.00 kcal,154.00 kcal,169.00 kcal,129.00 kcal,130.00 kcal,89.00 kcal,83.00 kcal,20.00 kcal,23.00 kcal,105.00 kcal,109.00 kcal,"1,103.00 kcal","1,122.00 kcal"
Hong Kong,279.00 kcal,249.00 kcal,51.00 kcal,50.00 kcal,313.00 kcal,241.00 kcal,464.00 kcal,478.00 kcal,718.00 kcal,718.00 kcal,246.00 kcal,222.00 kcal,235.00 kcal,263.00 kcal,43.00 kcal,42.00 kcal,9.00 kcal,8.00 kcal,832.00 kcal,779.00 kcal
Hungary,45.00 kcal,42.00 kcal,193.00 kcal,193.00 kcal,407.00 kcal,427.00 kcal,777.00 kcal,869.00 kcal,384.00 kcal,369.00 kcal,325.00 kcal,326.00 kcal,185.00 kcal,186.00 kcal,74.00 kcal,64.00 kcal,27.00 kcal,23.00 kcal,893.00 kcal,925.00 kcal
Iceland,207.99 kcal,229.00 kcal,134.99 kcal,140.00 kcal,372.98 kcal,329.99 kcal,548.97 kcal,528.99 kcal,637.97 kcal,597.99 kcal,578.97 kcal,552.99 kcal,219.99 kcal,201.00 kcal,77.00 kcal,65.00 kcal,6.00 kcal,6.00 kcal,873.96 kcal,961.98 kcal
India,30.00 kcal,32.00 kcal,16.00 kcal,16.00 kcal,241.00 kcal,207.00 kcal,363.00 kcal,365.00 kcal,37.00 kcal,36.00 kcal,200.00 kcal,211.00 kcal,154.00 kcal,159.00 kcal,56.00 kcal,58.00 kcal,133.00 kcal,132.00 kcal,"1,309.00 kcal","1,353.00 kcal"
Indonesia,22.00 kcal,24.00 kcal,2.00 kcal,2.00 kcal,261.00 kcal,272.00 kcal,454.00 kcal,594.00 kcal,174.00 kcal,172.00 kcal,75.00 kcal,82.00 kcal,136.00 kcal,159.00 kcal,211.00 kcal,205.00 kcal,8.00 kcal,9.00 kcal,"1,571.00 kcal","1,397.00 kcal"
Iran,16.00 kcal,16.00 kcal,1.00 kcal,1.00 kcal,311.00 kcal,306.00 kcal,501.00 kcal,497.00 kcal,172.00 kcal,157.00 kcal,98.00 kcal,99.00 kcal,314.00 kcal,287.00 kcal,56.00 kcal,40.00 kcal,35.00 kcal,38.00 kcal,"1,411.00 kcal","1,454.00 kcal"
Iraq,42.03 kcal,39.46 kcal,4.29 kcal,5.15 kcal,175.83 kcal,177.55 kcal,359.38 kcal,379.11 kcal,83.20 kcal,67.76 kcal,84.06 kcal,59.18 kcal,158.68 kcal,154.39 kcal,23.16 kcal,24.87 kcal,50.61 kcal,66.04 kcal,"1,301.16 kcal","1,329.47 kcal"
Ireland,157.00 kcal,217.00 kcal,216.00 kcal,211.00 kcal,445.00 kcal,455.00 kcal,627.00 kcal,630.00 kcal,456.00 kcal,427.00 kcal,576.00 kcal,733.00 kcal,212.00 kcal,177.00 kcal,139.00 kcal,155.00 kcal,20.00 kcal,9.00 kcal,"1,060.00 kcal",845.00 kcal
Israel,110.00 kcal,123.00 kcal,40.00 kcal,47.00 kcal,374.00 kcal,475.00 kcal,774.00 kcal,781.00 kcal,465.00 kcal,484.00 kcal,376.00 kcal,377.00 kcal,288.00 kcal,322.00 kcal,71.00 kcal,64.00 kcal,43.00 kcal,34.00 kcal,"1,103.00 kcal",994.00 kcal
Italy,26.00 kcal,28.00 kcal,133.00 kcal,140.00 kcal,339.00 kcal,347.00 kcal,903.00 kcal,940.00 kcal,380.00 kcal,372.00 kcal,437.00 kcal,444.00 kcal,216.00 kcal,224.00 kcal,73.00 kcal,78.00 kcal,51.00 kcal,72.00 kcal,"1,090.00 kcal","1,090.00 kcal"
Jamaica,123.00 kcal,100.00 kcal,62.00 kcal,64.00 kcal,485.00 kcal,448.00 kcal,414.00 kcal,397.00 kcal,314.00 kcal,296.00 kcal,181.00 kcal,174.00 kcal,213.00 kcal,238.00 kcal,176.00 kcal,238.00 kcal,27.00 kcal,30.00 kcal,922.00 kcal,898.00 kcal
Japan,53.00 kcal,49.00 kcal,89.00 kcal,98.00 kcal,285.00 kcal,270.00 kcal,570.00 kcal,555.00 kcal,310.00 kcal,330.00 kcal,199.00 kcal,193.00 kcal,133.00 kcal,130.00 kcal,60.00 kcal,56.00 kcal,12.00 kcal,10.00 kcal,"1,022.00 kcal",968.00 kcal
Jordan,52.00 kcal,57.00 kcal,3.00 kcal,1.00 kcal,377.00 kcal,329.00 kcal,613.00 kcal,530.00 kcal,152.00 kcal,160.00 kcal,139.00 kcal,126.00 kcal,125.00 kcal,139.00 kcal,47.00 kcal,50.00 kcal,53.00 kcal,51.00 kcal,954.00 kcal,710.00 kcal
Kazakhstan,90.00 kcal,103.00 kcal,91.00 kcal,86.00 kcal,255.00 kcal,287.00 kcal,591.00 kcal,636.00 kcal,338.00 kcal,354.00 kcal,557.00 kcal,562.00 kcal,246.00 kcal,266.00 kcal,194.00 kcal,186.00 kcal,59.00 kcal,44.00 kcal,948.00 kcal,844.00 kcal
Kenya,8.00 kcal,7.00 kcal,24.00 kcal,18.00 kcal,222.00 kcal,261.00 kcal,201.00 kcal,263.00 kcal,68.00 kcal,55.00 kcal,168.00 kcal,175.00 kcal,135.00 kcal,150.00 kcal,171.00 kcal,131.00 kcal,161.00 kcal,131.00 kcal,"1,145.00 kcal","1,026.00 kcal"
Kiribati,30.00 kcal,49.99 kcal,5.00 kcal,12.00 kcal,453.96 kcal,454.95 kcal,"1,064.90 kcal","1,002.90 kcal",320.97 kcal,391.96 kcal,86.99 kcal,79.99 kcal,142.99 kcal,151.98 kcal,34.00 kcal,37.00 kcal,0.00 kcal,1.00 kcal,984.90 kcal,912.91 kcal
Kuwait,133.00 kcal,160.00 kcal,0.00 kcal,2.00 kcal,361.00 kcal,286.00 kcal,533.00 kcal,539.00 kcal,341.00 kcal,376.00 kcal,288.00 kcal,291.00 kcal,426.00 kcal,370.00 kcal,72.00 kcal,83.00 kcal,51.00 kcal,53.00 kcal,"1,267.00 kcal","1,337.00 kcal"
Kyrgyzstan,70.00 kcal,62.00 kcal,35.00 kcal,27.00 kcal,182.00 kcal,196.00 kcal,270.00 kcal,276.00 kcal,178.00 kcal,196.00 kcal,435.00 kcal,440.00 kcal,197.00 kcal,192.00 kcal,216.00 kcal,191.00 kcal,10.00 kcal,100.00 kcal,"1,169.00 kcal","1,015.00 kcal"
Laos,64.00 kcal,58.00 kcal,58.00 kcal,58.00 kcal,149.00 kcal,171.00 kcal,190.00 kcal,166.00 kcal,203.00 kcal,213.00 kcal,15.00 kcal,21.00 kcal,339.00 kcal,345.00 kcal,127.00 kcal,126.00 kcal,5.00 kcal,8.00 kcal,"1,574.00 kcal","1,553.00 kcal"
Latvia,143.00 kcal,149.00 kcal,162.00 kcal,144.00 kcal,327.00 kcal,375.00 kcal,665.00 kcal,761.00 kcal,372.00 kcal,384.00 kcal,382.00 kcal,406.00 kcal,159.00 kcal,152.00 kcal,181.00 kcal,114.00 kcal,2.00 kcal,1.00 kcal,874.00 kcal,794.00 kcal
Lebanon,53.00 kcal,52.00 kcal,19.00 kcal,14.00 kcal,394.00 kcal,428.00 kcal,580.00 kcal,623.00 kcal,185.00 kcal,173.00 kcal,204.00 kcal,174.00 kcal,255.00 kcal,226.00 kcal,88.00 kcal,91.00 kcal,55.00 kcal,64.00 kcal,"1,058.00 kcal","1,047.00 kcal"
Lesotho,38.00 kcal,33.00 kcal,48.00 kcal,40.00 kcal,131.00 kcal,124.00 kcal,141.00 kcal,146.00 kcal,56.00 kcal,109.00 kcal,156.00 kcal,153.00 kcal,39.00 kcal,40.00 kcal,107.00 kcal,94.00 kcal,25.00 kcal,21.00 kcal,"1,244.99 kcal","1,274.99 kcal"
Liberia,32.00 kcal,38.00 kcal,36.00 kcal,33.00 kcal,81.00 kcal,87.00 kcal,293.00 kcal,237.00 kcal,93.00 kcal,98.00 kcal,11.00 kcal,17.00 kcal,88.00 kcal,89.00 kcal,402.00 kcal,401.00 kcal,9.00 kcal,9.00 kcal,"1,086.00 kcal","1,085.00 kcal"
Libya,112.00 kcal,127.00 kcal,0.00 kcal,0.00 kcal,361.00 kcal,296.00 kcal,666.00 kcal,657.00 kcal,215.00 kcal,244.00 kcal,213.00 kcal,267.00 kcal,313.00 kcal,304.00 kcal,49.00 kcal,44.00 kcal,17.00 kcal,34.00 kcal,"1,234.00 kcal","1,206.00 kcal"
Lithuania,47.00 kcal,56.00 kcal,185.00 kcal,182.00 kcal,387.00 kcal,385.00 kcal,442.00 kcal,429.00 kcal,454.00 kcal,471.00 kcal,486.00 kcal,539.00 kcal,140.00 kcal,154.00 kcal,99.00 kcal,97.00 kcal,22.00 kcal,15.00 kcal,"1,034.00 kcal","1,029.00 kcal"
Luxembourg,258.00 kcal,256.00 kcal,336.99 kcal,339.99 kcal,277.00 kcal,283.00 kcal,561.99 kcal,392.99 kcal,497.99 kcal,500.99 kcal,410.99 kcal,478.99 kcal,218.00 kcal,204.00 kcal,65.00 kcal,74.00 kcal,13.00 kcal,10.00 kcal,874.98 kcal,929.99 kcal
Macao,249.00 kcal,211.00 kcal,85.00 kcal,92.00 kcal,285.00 kcal,281.00 kcal,664.99 kcal,558.00 kcal,597.99 kcal,598.99 kcal,165.00 kcal,140.00 kcal,251.00 kcal,180.00 kcal,62.00 kcal,55.00 kcal,7.00 kcal,9.00 kcal,827.99 kcal,798.99 kcal
Madagascar,9.00 kcal,7.00 kcal,9.00 kcal,6.00 kcal,141.00 kcal,171.00 kcal,80.00 kcal,86.00 kcal,36.00 kcal,33.00 kcal,38.00 kcal,37.00 kcal,70.00 kcal,66.00 kcal,366.00 kcal,321.00 kcal,17.00 kcal,13.00 kcal,"1,229.00 kcal","1,241.00 kcal"
Malawi,9.00 kcal,9.00 kcal,17.00 kcal,21.00 kcal,49.00 kcal,59.00 kcal,139.00 kcal,140.00 kcal,160.00 kcal,170.00 kcal,24.00 kcal,25.00 kcal,269.00 kcal,278.00 kcal,405.00 kcal,410.00 kcal,145.00 kcal,152.00 kcal,"1,382.00 kcal","1,371.00 kcal"
Malaysia,55.00 kcal,60.00 kcal,12.00 kcal,12.00 kcal,437.00 kcal,440.00 kcal,629.00 kcal,655.00 kcal,373.00 kcal,361.00 kcal,135.00 kcal,147.00 kcal,119.00 kcal,121.00 kcal,45.00 kcal,47.00 kcal,24.00 kcal,23.00 kcal,"1,122.00 kcal","1,096.00 kcal"
Maldives,165.00 kcal,162.00 kcal,21.00 kcal,21.00 kcal,277.00 kcal,255.00 kcal,317.99 kcal,312.99 kcal,273.00 kcal,271.00 kcal,266.00 kcal,264.00 kcal,199.00 kcal,187.00 kcal,53.00 kcal,50.00 kcal,28.00 kcal,29.00 kcal,972.98 kcal,"1,033.98 kcal"
Mali,13.00 kcal,19.00 kcal,9.00 kcal,30.00 kcal,101.00 kcal,83.00 kcal,198.00 kcal,176.00 kcal,63.00 kcal,47.00 kcal,88.00 kcal,89.00 kcal,163.00 kcal,197.00 kcal,68.00 kcal,79.00 kcal,69.00 kcal,94.00 kcal,"2,017.00 kcal","1,921.00 kcal"
Malta,95.00 kcal,109.00 kcal,126.00 kcal,100.00 kcal,489.98 kcal,450.00 kcal,521.98 kcal,604.00 kcal,341.99 kcal,345.00 kcal,344.99 kcal,377.00 kcal,216.99 kcal,204.00 kcal,75.00 kcal,61.00 kcal,12.00 kcal,13.00 kcal,"1,101.96 kcal","1,071.00 kcal"
Mauritania,35.00 kcal,40.00 kcal,0.00 kcal,0.00 kcal,396.00 kcal,446.00 kcal,311.00 kcal,278.00 kcal,165.00 kcal,166.00 kcal,287.00 kcal,241.00 kcal,72.00 kcal,90.00 kcal,13.00 kcal,22.00 kcal,94.00 kcal,88.00 kcal,"1,577.00 kcal","1,600.00 kcal"
Mauritius,89.00 kcal,97.00 kcal,64.00 kcal,53.00 kcal,374.00 kcal,382.00 kcal,554.00 kcal,585.99 kcal,295.00 kcal,283.00 kcal,195.00 kcal,171.00 kcal,116.00 kcal,116.00 kcal,46.00 kcal,50.00 kcal,84.00 kcal,77.00 kcal,"1,213.00 kcal","1,246.99 kcal"
Mexico,39.00 kcal,39.00 kcal,95.00 kcal,103.00 kcal,445.00 kcal,412.00 kcal,429.00 kcal,436.00 kcal,358.00 kcal,369.00 kcal,255.00 kcal,270.00 kcal,203.00 kcal,195.00 kcal,32.00 kcal,37.00 kcal,84.00 kcal,86.00 kcal,"1,329.00 kcal","1,331.00 kcal"
Micronesia (country),93.99 kcal,58.99 kcal,26.00 kcal,29.00 kcal,239.97 kcal,249.97 kcal,797.91 kcal,785.91 kcal,384.96 kcal,412.95 kcal,46.99 kcal,53.99 kcal,73.99 kcal,70.99 kcal,323.97 kcal,319.96 kcal,0.00 kcal,0.00 kcal,772.92 kcal,770.91 kcal
Moldova,67.14 kcal,82.83 kcal,99.03 kcal,110.44 kcal,340.72 kcal,283.64 kcal,354.14 kcal,413.32 kcal,250.08 kcal,271.92 kcal,250.08 kcal,218.37 kcal,255.96 kcal,213.35 kcal,115.81 kcal,100.40 kcal,41.12 kcal,58.57 kcal,755.28 kcal,780.62 kcal
Mongolia,177.00 kcal,200.00 kcal,104.00 kcal,117.00 kcal,166.00 kcal,184.00 kcal,422.00 kcal,363.00 kcal,534.00 kcal,552.00 kcal,402.00 kcal,375.00 kcal,66.00 kcal,84.00 kcal,88.00 kcal,91.00 kcal,3.00 kcal,4.00 kcal,895.00 kcal,"1,084.00 kcal"
Montenegro,182.00 kcal,147.00 kcal,141.00 kcal,125.00 kcal,318.00 kcal,302.00 kcal,348.00 kcal,345.00 kcal,472.00 kcal,491.00 kcal,604.00 kcal,642.00 kcal,257.00 kcal,225.00 kcal,51.00 kcal,54.00 kcal,40.00 kcal,38.00 kcal,"1,049.99 kcal","1,188.01 kcal"
Morocco,35.00 kcal,38.00 kcal,7.00 kcal,7.00 kcal,346.00 kcal,324.00 kcal,414.00 kcal,420.00 kcal,207.00 kcal,180.00 kcal,108.00 kcal,114.00 kcal,251.00 kcal,244.00 kcal,75.00 kcal,64.00 kcal,65.00 kcal,65.00 kcal,"1,878.00 kcal","1,927.00 kcal"
Mozambique,7.00 kcal,13.00 kcal,20.00 kcal,16.00 kcal,117.00 kcal,117.00 kcal,237.00 kcal,251.00 kcal,66.00 kcal,76.00 kcal,14.00 kcal,8.00 kcal,78.00 kcal,67.00 kcal,591.00 kcal,546.00 kcal,101.00 kcal,57.00 kcal,853.00 kcal,"1,018.00 kcal"
Myanmar,43.00 kcal,25.00 kcal,7.00 kcal,6.00 kcal,187.00 kcal,195.00 kcal,452.00 kcal,352.00 kcal,391.00 kcal,182.00 kcal,92.00 kcal,33.00 kcal,131.00 kcal,144.00 kcal,46.00 kcal,39.00 kcal,127.00 kcal,96.00 kcal,"1,298.00 kcal","1,746.00 kcal"
Namibia,59.00 kcal,75.00 kcal,165.00 kcal,163.00 kcal,304.00 kcal,330.00 kcal,268.00 kcal,297.00 kcal,143.00 kcal,190.00 kcal,120.00 kcal,125.00 kcal,84.00 kcal,66.00 kcal,288.00 kcal,286.00 kcal,78.00 kcal,71.00 kcal,"1,065.00 kcal",961.00 kcal
Nauru,124.73 kcal,135.75 kcal,27.94 kcal,35.93 kcal,483.96 kcal,449.17 kcal,632.64 kcal,625.85 kcal,629.65 kcal,655.79 kcal,207.56 kcal,225.59 kcal,106.77 kcal,126.77 kcal,43.91 kcal,27.95 kcal,116.75 kcal,134.75 kcal,612.69 kcal,610.88 kcal
Nepal,62.00 kcal,67.00 kcal,19.00 kcal,34.00 kcal,110.00 kcal,127.00 kcal,354.00 kcal,368.00 kcal,66.00 kcal,68.00 kcal,116.00 kcal,123.00 kcal,181.00 kcal,187.00 kcal,167.00 kcal,171.00 kcal,124.00 kcal,141.00 kcal,"1,646.00 kcal","1,659.00 kcal"
Netherlands,31.00 kcal,38.00 kcal,153.00 kcal,110.00 kcal,438.00 kcal,423.00 kcal,653.00 kcal,684.00 kcal,306.00 kcal,358.00 kcal,635.00 kcal,643.00 kcal,269.00 kcal,292.00 kcal,125.00 kcal,119.00 kcal,20.00 kcal,20.00 kcal,836.00 kcal,778.00 kcal
Netherlands Antilles,,,,,,,,,,,,,,,,,,,,
New Caledonia,160.00 kcal,151.00 kcal,108.00 kcal,100.00 kcal,285.00 kcal,285.99 kcal,452.99 kcal,525.98 kcal,428.99 kcal,455.99 kcal,257.00 kcal,270.99 kcal,142.00 kcal,150.00 kcal,65.00 kcal,78.00 kcal,12.00 kcal,9.00 kcal,989.99 kcal,913.97 kcal
New Zealand,118.00 kcal,113.00 kcal,100.00 kcal,94.00 kcal,541.00 kcal,536.00 kcal,557.00 kcal,675.00 kcal,398.00 kcal,372.00 kcal,210.00 kcal,153.00 kcal,203.00 kcal,171.00 kcal,92.00 kcal,111.00 kcal,28.00 kcal,25.00 kcal,884.00 kcal,878.00 kcal
Nicaragua,41.00 kcal,41.00 kcal,41.00 kcal,51.00 kcal,388.00 kcal,358.00 kcal,276.00 kcal,242.00 kcal,125.00 kcal,138.00 kcal,233.00 kcal,225.00 kcal,92.00 kcal,94.00 kcal,50.00 kcal,53.00 kcal,122.00 kcal,136.00 kcal,"1,241.00 kcal","1,318.00 kcal"
Niger,14.00 kcal,15.00 kcal,1.00 kcal,1.00 kcal,47.00 kcal,58.00 kcal,355.00 kcal,349.00 kcal,40.00 kcal,41.00 kcal,87.00 kcal,79.00 kcal,134.00 kcal,142.00 kcal,75.00 kcal,100.00 kcal,379.00 kcal,451.00 kcal,"1,464.00 kcal","1,303.00 kcal"
Nigeria,20.00 kcal,21.00 kcal,15.00 kcal,17.00 kcal,105.00 kcal,100.00 kcal,424.00 kcal,421.00 kcal,52.00 kcal,50.00 kcal,19.00 kcal,21.00 kcal,131.00 kcal,127.00 kcal,650.00 kcal,636.00 kcal,96.00 kcal,97.00 kcal,"1,029.00 kcal","1,014.00 kcal"
North Korea,7.00 kcal,7.00 kcal,59.00 kcal,82.00 kcal,42.00 kcal,40.00 kcal,210.00 kcal,137.00 kcal,89.00 kcal,80.00 kcal,21.00 kcal,22.00 kcal,175.00 kcal,169.00 kcal,69.00 kcal,90.00 kcal,91.00 kcal,91.00 kcal,"1,304.00 kcal","1,264.00 kcal"
North Macedonia,114.00 kcal,138.00 kcal,70.00 kcal,87.00 kcal,387.00 kcal,392.00 kcal,617.00 kcal,597.00 kcal,206.00 kcal,211.00 kcal,275.00 kcal,260.00 kcal,339.00 kcal,352.00 kcal,101.00 kcal,113.00 kcal,43.00 kcal,46.00 kcal,930.00 kcal,969.00 kcal
Norway,327.00 kcal,205.00 kcal,110.00 kcal,134.00 kcal,302.00 kcal,330.00 kcal,615.00 kcal,608.00 kcal,411.00 kcal,441.00 kcal,349.00 kcal,379.00 kcal,194.00 kcal,193.00 kcal,91.00 kcal,95.00 kcal,114.00 kcal,151.00 kcal,"1,017.00 kcal",974.00 kcal
Oman,97.00 kcal,84.00 kcal,26.00 kcal,23.00 kcal,244.00 kcal,240.00 kcal,450.00 kcal,438.00 kcal,266.00 kcal,258.00 kcal,324.00 kcal,396.00 kcal,610.00 kcal,652.00 kcal,70.00 kcal,71.00 kcal,47.00 kcal,61.00 kcal,948.00 kcal,824.00 kcal
Pakistan,17.00 kcal,19.00 kcal,0.00 kcal,0.00 kcal,224.00 kcal,289.00 kcal,463.00 kcal,446.00 kcal,83.00 kcal,79.00 kcal,352.00 kcal,341.00 kcal,92.00 kcal,81.00 kcal,30.00 kcal,36.00 kcal,40.00 kcal,55.00 kcal,"1,150.00 kcal","1,139.00 kcal"
Panama,81.00 kcal,55.00 kcal,120.00 kcal,126.00 kcal,292.00 kcal,257.00 kcal,559.00 kcal,500.00 kcal,386.00 kcal,365.00 kcal,163.00 kcal,196.00 kcal,176.00 kcal,232.00 kcal,41.00 kcal,53.00 kcal,28.00 kcal,41.00 kcal,"1,208.00 kcal","1,212.00 kcal"
Papua New Guinea,15.00 kcal,21.00 kcal,17.00 kcal,13.00 kcal,113.00 kcal,115.00 kcal,408.00 kcal,381.00 kcal,284.00 kcal,280.00 kcal,8.00 kcal,10.00 kcal,388.00 kcal,387.00 kcal,457.00 kcal,436.00 kcal,3.00 kcal,3.00 kcal,503.00 kcal,559.00 kcal
Paraguay,54.00 kcal,49.00 kcal,126.00 kcal,136.00 kcal,189.00 kcal,132.00 kcal,540.00 kcal,478.00 kcal,198.00 kcal,176.00 kcal,186.00 kcal,189.00 kcal,127.00 kcal,132.00 kcal,535.00 kcal,533.00 kcal,91.00 kcal,92.00 kcal,"1,051.00 kcal","1,209.00 kcal"
Peru,32.00 kcal,35.00 kcal,89.00 kcal,82.00 kcal,220.00 kcal,206.00 kcal,272.00 kcal,295.00 kcal,314.00 kcal,309.00 kcal,157.00 kcal,170.00 kcal,247.00 kcal,244.00 kcal,376.00 kcal,367.00 kcal,77.00 kcal,76.00 kcal,"1,021.00 kcal","1,014.00 kcal"
Philippines,54.00 kcal,52.00 kcal,73.00 kcal,74.00 kcal,251.00 kcal,221.00 kcal,226.00 kcal,260.00 kcal,239.00 kcal,215.00 kcal,45.00 kcal,45.00 kcal,206.00 kcal,200.00 kcal,46.00 kcal,49.00 kcal,13.00 kcal,13.00 kcal,"1,663.00 kcal","1,704.00 kcal"
Poland,14.00 kcal,13.00 kcal,178.00 kcal,173.00 kcal,435.00 kcal,443.00 kcal,580.00 kcal,627.00 kcal,447.00 kcal,469.00 kcal,407.00 kcal,457.00 kcal,159.00 kcal,173.00 kcal,175.00 kcal,176.00 kcal,8.00 kcal,5.00 kcal,"1,074.00 kcal","1,018.00 kcal"
Portugal,103.00 kcal,92.00 kcal,237.00 kcal,238.00 kcal,246.00 kcal,199.00 kcal,745.00 kcal,803.00 kcal,504.00 kcal,497.00 kcal,331.00 kcal,328.00 kcal,265.00 kcal,275.00 kcal,115.00 kcal,114.00 kcal,35.00 kcal,28.00 kcal,906.00 kcal,953.00 kcal
Qatar,161.00 kcal,160.00 kcal,16.00 kcal,17.00 kcal,262.00 kcal,270.00 kcal,546.00 kcal,571.00 kcal,373.00 kcal,387.00 kcal,246.00 kcal,221.00 kcal,298.00 kcal,303.00 kcal,66.00 kcal,66.00 kcal,91.00 kcal,94.00 kcal,"1,422.00 kcal","1,408.00 kcal"
Romania,68.00 kcal,78.00 kcal,180.00 kcal,208.00 kcal,304.00 kcal,308.00 kcal,601.00 kcal,637.00 kcal,294.00 kcal,301.00 kcal,483.00 kcal,493.00 kcal,270.00 kcal,257.00 kcal,178.00 kcal,101.00 kcal,13.00 kcal,15.00 kcal,"1,255.00 kcal","1,266.00 kcal"
Russia,35.00 kcal,34.00 kcal,146.00 kcal,147.00 kcal,406.00 kcal,383.00 kcal,541.00 kcal,533.00 kcal,372.00 kcal,378.00 kcal,346.00 kcal,358.00 kcal,168.00 kcal,168.00 kcal,159.00 kcal,151.00 kcal,21.00 kcal,26.00 kcal,"1,155.00 kcal","1,203.00 kcal"
Rwanda,7.00 kcal,9.00 kcal,25.00 kcal,27.00 kcal,123.00 kcal,128.00 kcal,175.00 kcal,143.00 kcal,50.00 kcal,46.00 kcal,37.00 kcal,36.00 kcal,272.00 kcal,380.00 kcal,693.00 kcal,699.00 kcal,292.00 kcal,294.00 kcal,524.00 kcal,505.00 kcal
Saint Kitts and Nevis,103.94 kcal,110.95 kcal,69.96 kcal,62.97 kcal,443.73 kcal,422.81 kcal,658.60 kcal,596.74 kcal,430.74 kcal,469.79 kcal,148.91 kcal,157.93 kcal,146.91 kcal,149.93 kcal,72.96 kcal,70.97 kcal,43.97 kcal,44.98 kcal,710.57 kcal,776.66 kcal
Saint Lucia,134.99 kcal,138.99 kcal,129.99 kcal,137.99 kcal,425.97 kcal,244.98 kcal,283.98 kcal,292.98 kcal,359.97 kcal,437.97 kcal,164.99 kcal,122.99 kcal,187.99 kcal,187.99 kcal,69.99 kcal,81.99 kcal,53.00 kcal,53.00 kcal,857.93 kcal,946.93 kcal
Saint Vincent and the Grenadines,285.95 kcal,265.97 kcal,105.98 kcal,98.99 kcal,310.94 kcal,315.97 kcal,326.94 kcal,324.97 kcal,487.91 kcal,495.95 kcal,182.97 kcal,177.98 kcal,323.94 kcal,339.97 kcal,140.97 kcal,147.99 kcal,86.98 kcal,98.99 kcal,707.87 kcal,683.93 kcal
Samoa,70.00 kcal,50.00 kcal,48.00 kcal,34.00 kcal,337.99 kcal,302.97 kcal,637.99 kcal,512.95 kcal,527.99 kcal,570.95 kcal,107.00 kcal,100.99 kcal,260.99 kcal,266.97 kcal,168.00 kcal,254.98 kcal,0.00 kcal,0.00 kcal,894.98 kcal,975.91 kcal
Sao Tome and Principe,35.00 kcal,46.00 kcal,52.00 kcal,53.00 kcal,165.99 kcal,197.99 kcal,368.98 kcal,336.99 kcal,158.99 kcal,169.99 kcal,38.00 kcal,41.00 kcal,417.98 kcal,410.99 kcal,99.99 kcal,95.00 kcal,39.00 kcal,36.00 kcal,998.94 kcal,"1,075.96 kcal"
Saudi Arabia,91.00 kcal,91.00 kcal,0.00 kcal,0.00 kcal,305.00 kcal,298.00 kcal,555.00 kcal,583.00 kcal,226.00 kcal,239.00 kcal,172.00 kcal,178.00 kcal,317.00 kcal,327.00 kcal,39.00 kcal,49.00 kcal,47.00 kcal,43.00 kcal,"1,468.00 kcal","1,442.00 kcal"
Senegal,17.00 kcal,17.00 kcal,4.00 kcal,3.00 kcal,176.00 kcal,160.00 kcal,514.00 kcal,561.00 kcal,122.00 kcal,127.00 kcal,43.00 kcal,41.00 kcal,125.00 kcal,137.00 kcal,134.00 kcal,140.00 kcal,51.00 kcal,69.00 kcal,"1,520.00 kcal","1,536.00 kcal"
Serbia,86.00 kcal,99.00 kcal,147.00 kcal,131.00 kcal,169.00 kcal,164.00 kcal,367.00 kcal,398.00 kcal,350.00 kcal,371.00 kcal,386.00 kcal,383.00 kcal,248.00 kcal,276.00 kcal,87.00 kcal,82.00 kcal,26.00 kcal,28.00 kcal,"1,595.00 kcal","1,648.00 kcal"
Serbia and Montenegro,,,,,,,,,,,,,,,,,,,,
Seychelles,154.98 kcal,171.97 kcal,175.97 kcal,174.97 kcal,310.95 kcal,257.96 kcal,372.94 kcal,395.94 kcal,393.94 kcal,403.94 kcal,172.97 kcal,157.98 kcal,200.97 kcal,226.97 kcal,58.99 kcal,58.99 kcal,56.99 kcal,44.99 kcal,"1,234.81 kcal","1,291.81 kcal"
Sierra Leone,20.00 kcal,21.00 kcal,7.00 kcal,5.00 kcal,72.00 kcal,48.00 kcal,413.00 kcal,275.00 kcal,102.00 kcal,105.00 kcal,20.00 kcal,18.00 kcal,84.00 kcal,84.00 kcal,410.00 kcal,537.00 kcal,80.00 kcal,74.00 kcal,"1,087.00 kcal","1,169.00 kcal"
Slovakia,65.00 kcal,78.00 kcal,124.00 kcal,137.00 kcal,325.00 kcal,279.00 kcal,937.00 kcal,910.00 kcal,268.00 kcal,282.00 kcal,243.00 kcal,238.00 kcal,137.00 kcal,144.00 kcal,90.00 kcal,89.00 kcal,14.00 kcal,13.00 kcal,823.00 kcal,805.00 kcal
Slovenia,118.00 kcal,123.00 kcal,135.00 kcal,112.00 kcal,292.00 kcal,306.00 kcal,527.00 kcal,521.00 kcal,325.00 kcal,272.00 kcal,344.00 kcal,339.00 kcal,250.00 kcal,222.00 kcal,75.00 kcal,90.00 kcal,10.00 kcal,9.00 kcal,"1,074.00 kcal","1,101.00 kcal"
Solomon Islands,27.00 kcal,50.00 kcal,14.00 kcal,13.00 kcal,134.00 kcal,161.00 kcal,341.99 kcal,330.00 kcal,153.00 kcal,158.00 kcal,21.00 kcal,31.00 kcal,60.00 kcal,57.00 kcal,758.99 kcal,714.99 kcal,81.00 kcal,75.00 kcal,809.99 kcal,756.99 kcal
South Africa,39.00 kcal,44.00 kcal,112.00 kcal,162.00 kcal,325.00 kcal,309.00 kcal,447.00 kcal,480.00 kcal,300.00 kcal,337.00 kcal,121.00 kcal,119.00 kcal,69.00 kcal,72.00 kcal,63.00 kcal,70.00 kcal,11.00 kcal,15.00 kcal,"1,340.00 kcal","1,168.00 kcal"
South Korea,69.00 kcal,71.00 kcal,150.00 kcal,136.00 kcal,466.00 kcal,461.00 kcal,777.00 kcal,825.00 kcal,437.00 kcal,438.00 kcal,93.00 kcal,101.00 kcal,238.00 kcal,234.00 kcal,44.00 kcal,39.00 kcal,12.00 kcal,13.00 kcal,"1,095.00 kcal","1,080.00 kcal"
South Sudan,19.00 kcal,23.00 kcal,6.00 kcal,5.00 kcal,90.00 kcal,84.00 kcal,504.00 kcal,486.00 kcal,138.00 kcal,107.00 kcal,360.00 kcal,416.00 kcal,87.00 kcal,90.00 kcal,403.00 kcal,417.00 kcal,49.00 kcal,54.00 kcal,684.00 kcal,732.00 kcal
Spain,37.00 kcal,37.00 kcal,163.00 kcal,153.00 kcal,306.00 kcal,301.00 kcal,897.00 kcal,930.00 kcal,497.00 kcal,481.00 kcal,356.00 kcal,358.00 kcal,213.00 kcal,220.00 kcal,107.00 kcal,105.00 kcal,46.00 kcal,39.00 kcal,751.00 kcal,768.00 kcal
Sri Lanka,59.00 kcal,64.00 kcal,11.00 kcal,7.00 kcal,294.00 kcal,276.00 kcal,269.00 kcal,290.00 kcal,108.00 kcal,116.00 kcal,106.00 kcal,100.00 kcal,108.00 kcal,155.00 kcal,50.00 kcal,48.00 kcal,105.00 kcal,108.00 kcal,"1,655.00 kcal","1,698.00 kcal"
Sudan,16.00 kcal,17.00 kcal,0.00 kcal,0.00 kcal,290.00 kcal,349.00 kcal,358.00 kcal,413.00 kcal,104.00 kcal,101.00 kcal,196.00 kcal,188.00 kcal,193.00 kcal,191.00 kcal,34.00 kcal,41.00 kcal,89.00 kcal,110.00 kcal,"1,293.00 kcal","1,214.00 kcal"
Sudan (former),,,,,,,,,,,,,,,,,,,,
Suriname,79.00 kcal,69.00 kcal,89.00 kcal,86.00 kcal,424.00 kcal,460.00 kcal,370.00 kcal,385.00 kcal,308.00 kcal,294.00 kcal,96.00 kcal,91.00 kcal,178.00 kcal,137.00 kcal,65.00 kcal,54.00 kcal,17.00 kcal,22.00 kcal,"1,068.99 kcal","1,035.00 kcal"
Sweden,84.00 kcal,83.00 kcal,141.00 kcal,164.00 kcal,360.00 kcal,346.00 kcal,660.00 kcal,702.00 kcal,368.00 kcal,351.00 kcal,473.00 kcal,474.00 kcal,171.00 kcal,168.00 kcal,101.00 kcal,103.00 kcal,19.00 kcal,13.00 kcal,865.00 kcal,865.00 kcal
Switzerland,51.00 kcal,79.00 kcal,160.00 kcal,149.00 kcal,457.00 kcal,429.00 kcal,798.00 kcal,800.00 kcal,346.00 kcal,353.00 kcal,527.00 kcal,548.00 kcal,198.00 kcal,203.00 kcal,85.00 kcal,72.00 kcal,17.00 kcal,15.00 kcal,770.00 kcal,754.00 kcal
Syria,26.00 kcal,38.00 kcal,2.00 kcal,1.00 kcal,186.00 kcal,172.00 kcal,473.00 kcal,380.00 kcal,86.00 kcal,95.00 kcal,185.00 kcal,187.00 kcal,191.00 kcal,194.00 kcal,47.00 kcal,44.00 kcal,99.00 kcal,91.00 kcal,"1,226.00 kcal","1,262.00 kcal"
Taiwan,38.00 kcal,45.00 kcal,68.00 kcal,70.00 kcal,293.00 kcal,274.00 kcal,811.00 kcal,829.00 kcal,452.00 kcal,462.00 kcal,134.00 kcal,144.00 kcal,238.00 kcal,233.00 kcal,28.00 kcal,31.00 kcal,21.00 kcal,22.00 kcal,878.00 kcal,853.00 kcal
Tajikistan,95.00 kcal,64.00 kcal,7.00 kcal,6.00 kcal,189.00 kcal,205.00 kcal,374.00 kcal,371.00 kcal,189.00 kcal,180.00 kcal,208.00 kcal,210.00 kcal,264.00 kcal,261.00 kcal,75.00 kcal,73.00 kcal,37.00 kcal,42.00 kcal,"1,327.00 kcal","1,359.00 kcal"
Tanzania,8.00 kcal,8.00 kcal,56.00 kcal,57.00 kcal,121.00 kcal,117.00 kcal,385.00 kcal,387.00 kcal,69.00 kcal,76.00 kcal,77.00 kcal,87.00 kcal,145.00 kcal,136.00 kcal,371.00 kcal,362.00 kcal,169.00 kcal,158.00 kcal,959.00 kcal,992.00 kcal
Thailand,64.00 kcal,69.00 kcal,130.00 kcal,132.00 kcal,511.00 kcal,484.00 kcal,327.00 kcal,339.00 kcal,199.00 kcal,200.00 kcal,90.00 kcal,94.00 kcal,123.00 kcal,127.00 kcal,36.00 kcal,33.00 kcal,24.00 kcal,25.00 kcal,"1,305.00 kcal","1,353.00 kcal"
Togo,20.00 kcal,25.00 kcal,14.00 kcal,27.00 kcal,105.00 kcal,125.00 kcal,430.00 kcal,352.00 kcal,79.00 kcal,62.00 kcal,12.00 kcal,16.00 kcal,34.00 kcal,33.00 kcal,423.00 kcal,526.00 kcal,89.00 kcal,89.00 kcal,"1,233.00 kcal","1,277.00 kcal"
Trinidad and Tobago,47.00 kcal,49.00 kcal,61.00 kcal,79.00 kcal,414.00 kcal,430.00 kcal,505.00 kcal,554.00 kcal,314.00 kcal,272.00 kcal,184.00 kcal,170.00 kcal,115.00 kcal,120.00 kcal,77.00 kcal,77.00 kcal,77.00 kcal,68.00 kcal,"1,159.99 kcal","1,118.99 kcal"
Tunisia,46.00 kcal,51.00 kcal,21.00 kcal,26.00 kcal,325.00 kcal,352.00 kcal,664.00 kcal,592.00 kcal,141.00 kcal,146.00 kcal,235.00 kcal,229.00 kcal,371.00 kcal,386.00 kcal,53.00 kcal,51.00 kcal,63.00 kcal,68.00 kcal,"1,523.00 kcal","1,571.00 kcal"
Turkey,41.00 kcal,74.00 kcal,25.00 kcal,32.00 kcal,318.00 kcal,262.00 kcal,800.00 kcal,785.00 kcal,170.00 kcal,213.00 kcal,413.00 kcal,466.00 kcal,340.00 kcal,352.00 kcal,84.00 kcal,83.00 kcal,112.00 kcal,107.00 kcal,"1,499.00 kcal","1,453.00 kcal"
Turkmenistan,46.00 kcal,53.00 kcal,19.00 kcal,21.00 kcal,190.00 kcal,194.00 kcal,247.00 kcal,301.00 kcal,300.00 kcal,309.00 kcal,306.00 kcal,297.00 kcal,186.00 kcal,175.00 kcal,74.00 kcal,101.00 kcal,26.00 kcal,29.00 kcal,"1,459.00 kcal","1,367.00 kcal"
USSR,,,,,,,,,,,,,,,,,,,,
Uganda,7.00 kcal,7.00 kcal,72.00 kcal,71.00 kcal,133.00 kcal,117.00 kcal,344.00 kcal,349.00 kcal,84.00 kcal,81.00 kcal,71.00 kcal,63.00 kcal,429.00 kcal,395.00 kcal,287.00 kcal,268.00 kcal,119.00 kcal,122.00 kcal,580.00 kcal,649.00 kcal
Ukraine,41.00 kcal,40.00 kcal,107.00 kcal,105.00 kcal,366.00 kcal,334.00 kcal,349.00 kcal,391.00 kcal,256.00 kcal,240.00 kcal,364.00 kcal,334.00 kcal,217.00 kcal,218.00 kcal,229.00 kcal,229.00 kcal,19.00 kcal,29.00 kcal,996.00 kcal,"1,019.00 kcal"
United Arab Emirates,84.00 kcal,89.00 kcal,,21.00 kcal,382.00 kcal,150.00 kcal,894.00 kcal,840.00 kcal,267.00 kcal,387.00 kcal,203.00 kcal,197.00 kcal,174.00 kcal,300.00 kcal,45.00 kcal,55.00 kcal,160.00 kcal,147.00 kcal,"1,095.00 kcal","1,121.00 kcal"
United Kingdom,122.00 kcal,136.00 kcal,132.00 kcal,138.00 kcal,332.00 kcal,325.00 kcal,659.00 kcal,628.00 kcal,409.00 kcal,408.00 kcal,395.00 kcal,393.00 kcal,210.00 kcal,197.00 kcal,126.00 kcal,117.00 kcal,13.00 kcal,14.00 kcal,980.00 kcal,"1,006.00 kcal"
United States,36.00 kcal,38.00 kcal,143.00 kcal,146.00 kcal,596.00 kcal,603.00 kcal,948.00 kcal,966.00 kcal,529.00 kcal,538.00 kcal,456.00 kcal,458.00 kcal,235.00 kcal,221.00 kcal,100.00 kcal,95.00 kcal,31.00 kcal,29.00 kcal,802.00 kcal,818.00 kcal
Uruguay,59.00 kcal,69.00 kcal,104.00 kcal,117.00 kcal,465.00 kcal,444.00 kcal,496.00 kcal,520.00 kcal,348.00 kcal,304.00 kcal,459.00 kcal,422.00 kcal,145.00 kcal,162.00 kcal,110.00 kcal,114.00 kcal,24.00 kcal,30.00 kcal,"1,071.00 kcal","1,102.00 kcal"
Uzbekistan,26.00 kcal,39.00 kcal,27.00 kcal,28.00 kcal,199.00 kcal,195.00 kcal,347.00 kcal,423.00 kcal,225.00 kcal,233.00 kcal,491.00 kcal,501.00 kcal,358.00 kcal,357.00 kcal,152.00 kcal,161.00 kcal,5.00 kcal,9.00 kcal,"1,407.00 kcal","1,320.00 kcal"
Vanuatu,38.00 kcal,39.00 kcal,25.00 kcal,15.00 kcal,120.99 kcal,147.00 kcal,823.96 kcal,790.99 kcal,251.99 kcal,272.99 kcal,49.00 kcal,61.00 kcal,145.99 kcal,155.00 kcal,411.98 kcal,364.99 kcal,0.00 kcal,0.00 kcal,930.96 kcal,970.98 kcal
Venezuela,33.00 kcal,29.00 kcal,19.00 kcal,26.00 kcal,292.00 kcal,287.00 kcal,501.00 kcal,443.00 kcal,152.00 kcal,162.00 kcal,158.00 kcal,156.00 kcal,154.00 kcal,159.00 kcal,63.00 kcal,70.00 kcal,78.00 kcal,90.00 kcal,788.00 kcal,887.00 kcal
Vietnam,35.00 kcal,48.00 kcal,83.00 kcal,76.00 kcal,202.00 kcal,262.00 kcal,289.00 kcal,274.00 kcal,306.00 kcal,344.00 kcal,62.00 kcal,73.00 kcal,221.00 kcal,246.00 kcal,49.00 kcal,51.00 kcal,28.00 kcal,28.00 kcal,"1,688.00 kcal","1,645.00 kcal"
Yemen,81.00 kcal,100.00 kcal,0.00 kcal,0.00 kcal,278.00 kcal,229.00 kcal,209.00 kcal,220.00 kcal,78.00 kcal,80.00 kcal,46.00 kcal,52.00 kcal,72.00 kcal,78.00 kcal,10.00 kcal,11.00 kcal,38.00 kcal,46.00 kcal,"1,219.00 kcal","1,359.00 kcal"
Yugoslavia,,,,,,,,,,,,,,,,,,,,
Zambia,13.00 kcal,12.00 kcal,38.00 kcal,40.00 kcal,104.00 kcal,147.00 kcal,270.00 kcal,291.00 kcal,109.00 kcal,116.00 kcal,22.00 kcal,19.00 kcal,28.00 kcal,27.00 kcal,660.00 kcal,597.00 kcal,12.00 kcal,14.00 kcal,988.00 kcal,957.00 kcal
Zimbabwe,13.00 kcal,33.00 kcal,53.00 kcal,50.00 kcal,176.00 kcal,199.00 kcal,288.00 kcal,374.00 kcal,269.00 kcal,295.00 kcal,51.00 kcal,52.00 kcal,31.00 kcal,33.00 kcal,57.00 kcal,65.00 kcal,24.00 kcal,27.00 kcal,"1,064.00 kcal",920.00 kcal
Other,,,,,,,,,,,,,,,,,,,,
Africa,24.31 kcal,25.78 kcal,28.93 kcal,29.86 kcal,157.15 kcal,157.28 kcal,316.36 kcal,335.47 kcal,100.98 kcal,101.90 kcal,73.05 kcal,73.03 kcal,162.87 kcal,161.30 kcal,418.30 kcal,416.28 kcal,97.86 kcal,98.96 kcal,"1,200.87 kcal","1,174.93 kcal"
Africa (FAO),24.00 kcal,25.00 kcal,29.00 kcal,30.00 kcal,155.00 kcal,155.00 kcal,317.00 kcal,336.00 kcal,101.00 kcal,102.00 kcal,73.00 kcal,73.00 kcal,163.00 kcal,161.00 kcal,418.00 kcal,416.00 kcal,98.00 kcal,99.00 kcal,"1,201.00 kcal","1,175.00 kcal"
Americas (FAO),35.00 kcal,37.00 kcal,108.00 kcal,108.00 kcal,476.00 kcal,460.00 kcal,668.00 kcal,695.00 kcal,418.00 kcal,420.00 kcal,323.00 kcal,326.00 kcal,205.00 kcal,200.00 kcal,112.00 kcal,111.00 kcal,69.00 kcal,66.00 kcal,943.00 kcal,962.00 kcal
Asia,45.52 kcal,48.84 kcal,47.97 kcal,46.80 kcal,199.92 kcal,190.16 kcal,402.13 kcal,419.01 kcal,215.37 kcal,212.10 kcal,163.81 kcal,171.27 kcal,245.41 kcal,251.86 kcal,93.83 kcal,92.61 kcal,60.70 kcal,61.77 kcal,"1,420.16 kcal","1,445.08 kcal"
Asia (FAO),35.00 kcal,39.00 kcal,48.00 kcal,47.00 kcal,197.00 kcal,187.00 kcal,404.00 kcal,419.00 kcal,216.00 kcal,212.00 kcal,164.00 kcal,172.00 kcal,246.00 kcal,252.00 kcal,94.00 kcal,93.00 kcal,61.00 kcal,62.00 kcal,"1,422.00 kcal","1,447.00 kcal"
Belgium-Luxembourg (FAO),,,,,,,,,,,,,,,,,,,,
Caribbean (FAO),40.00 kcal,35.00 kcal,106.00 kcal,100.00 kcal,401.00 kcal,390.00 kcal,349.00 kcal,424.00 kcal,238.00 kcal,212.00 kcal,156.00 kcal,141.00 kcal,347.00 kcal,328.00 kcal,161.00 kcal,144.00 kcal,101.00 kcal,89.00 kcal,966.00 kcal,999.00 kcal
Central America (FAO),38.00 kcal,37.00 kcal,83.00 kcal,92.00 kcal,440.00 kcal,419.00 kcal,414.00 kcal,425.00 kcal,312.00 kcal,320.00 kcal,233.00 kcal,246.00 kcal,184.00 kcal,185.00 kcal,35.00 kcal,39.00 kcal,88.00 kcal,91.00 kcal,"1,288.00 kcal","1,280.00 kcal"
Central Asia (FAO),57.00 kcal,61.00 kcal,41.00 kcal,39.00 kcal,210.00 kcal,219.00 kcal,397.00 kcal,447.00 kcal,252.00 kcal,260.00 kcal,452.00 kcal,456.00 kcal,289.00 kcal,291.00 kcal,152.00 kcal,153.00 kcal,25.00 kcal,32.00 kcal,"1,264.00 kcal","1,182.00 kcal"
China (FAO),36.00 kcal,39.00 kcal,98.00 kcal,93.00 kcal,88.00 kcal,82.00 kcal,409.00 kcal,440.00 kcal,417.00 kcal,414.00 kcal,135.00 kcal,145.00 kcal,427.00 kcal,438.00 kcal,139.00 kcal,136.00 kcal,16.00 kcal,17.00 kcal,"1,533.00 kcal","1,590.00 kcal"
Eastern Africa (FAO),19.00 kcal,20.00 kcal,34.00 kcal,31.00 kcal,117.00 kcal,128.00 kcal,215.00 kcal,270.00 kcal,73.00 kcal,73.00 kcal,75.00 kcal,78.00 kcal,130.00 kcal,131.00 kcal,296.00 kcal,282.00 kcal,141.00 kcal,140.00 kcal,"1,172.00 kcal","1,138.00 kcal"
Eastern Asia (FAO),39.00 kcal,41.00 kcal,98.00 kcal,95.00 kcal,114.00 kcal,107.00 kcal,430.00 kcal,456.00 kcal,404.00 kcal,404.00 kcal,137.00 kcal,146.00 kcal,394.00 kcal,404.00 kcal,129.00 kcal,126.00 kcal,17.00 kcal,17.00 kcal,"1,476.00 kcal","1,521.00 kcal"
Eastern Europe (FAO),40.00 kcal,41.00 kcal,155.00 kcal,157.00 kcal,387.00 kcal,375.00 kcal,555.00 kcal,571.00 kcal,355.00 kcal,360.00 kcal,362.00 kcal,371.00 kcal,183.00 kcal,185.00 kcal,169.00 kcal,159.00 kcal,18.00 kcal,22.00 kcal,"1,076.00 kcal","1,097.00 kcal"
Europe,60.56 kcal,63.84 kcal,163.91 kcal,162.38 kcal,369.88 kcal,370.73 kcal,704.72 kcal,714.61 kcal,379.78 kcal,379.11 kcal,417.97 kcal,427.90 kcal,203.47 kcal,206.46 kcal,132.82 kcal,126.46 kcal,21.81 kcal,25.33 kcal,972.33 kcal,979.32 kcal
Europe (FAO),59.00 kcal,63.00 kcal,164.00 kcal,163.00 kcal,370.00 kcal,371.00 kcal,706.00 kcal,716.00 kcal,380.00 kcal,379.00 kcal,418.00 kcal,428.00 kcal,203.00 kcal,207.00 kcal,133.00 kcal,127.00 kcal,22.00 kcal,25.00 kcal,973.00 kcal,980.00 kcal
European Union (27),55.79 kcal,59.97 kcal,182.01 kcal,178.22 kcal,370.39 kcal,381.84 kcal,815.15 kcal,834.07 kcal,394.02 kcal,390.66 kcal,451.04 kcal,466.58 kcal,207.96 kcal,214.25 kcal,114.77 kcal,109.32 kcal,22.23 kcal,24.67 kcal,904.74 kcal,895.51 kcal
European Union (27) (FAO),56.00 kcal,59.00 kcal,182.00 kcal,178.00 kcal,370.00 kcal,382.00 kcal,814.00 kcal,834.00 kcal,394.00 kcal,391.00 kcal,450.00 kcal,466.00 kcal,208.00 kcal,214.00 kcal,115.00 kcal,109.00 kcal,22.00 kcal,25.00 kcal,905.00 kcal,895.00 kcal
High-income countries,71.06 kcal,73.21 kcal,141.08 kcal,141.49 kcal,425.24 kcal,428.14 kcal,797.68 kcal,810.83 kcal,425.14 kcal,429.51 kcal,378.02 kcal,384.15 kcal,214.65 kcal,214.01 kcal,96.85 kcal,93.10 kcal,28.22 kcal,28.08 kcal,922.20 kcal,913.64 kcal
Land Locked Developing Countries (FAO),35.00 kcal,37.00 kcal,36.00 kcal,36.00 kcal,125.00 kcal,128.00 kcal,267.00 kcal,311.00 kcal,126.00 kcal,127.00 kcal,140.00 kcal,139.00 kcal,161.00 kcal,164.00 kcal,193.00 kcal,192.00 kcal,120.00 kcal,130.00 kcal,"1,332.00 kcal","1,284.00 kcal"
Least Developed Countries (FAO),26.00 kcal,28.00 kcal,22.00 kcal,22.00 kcal,119.00 kcal,123.00 kcal,260.00 kcal,272.00 kcal,95.00 kcal,83.00 kcal,62.00 kcal,59.00 kcal,120.00 kcal,124.00 kcal,327.00 kcal,329.00 kcal,105.00 kcal,109.00 kcal,"1,274.00 kcal","1,289.00 kcal"
Low Income Food Deficit Countries (FAO),25.00 kcal,26.00 kcal,28.00 kcal,26.00 kcal,129.00 kcal,132.00 kcal,267.00 kcal,288.00 kcal,86.00 kcal,86.00 kcal,91.00 kcal,92.00 kcal,146.00 kcal,146.00 kcal,335.00 kcal,334.00 kcal,113.00 kcal,115.00 kcal,"1,172.00 kcal","1,152.00 kcal"
Low-income countries,22.36 kcal,24.65 kcal,20.64 kcal,20.19 kcal,112.38 kcal,112.57 kcal,230.53 kcal,253.19 kcal,71.61 kcal,69.89 kcal,65.04 kcal,64.62 kcal,130.85 kcal,131.13 kcal,365.84 kcal,367.27 kcal,115.33 kcal,120.15 kcal,"1,162.50 kcal","1,140.98 kcal"
Lower-middle-income countries,29.75 kcal,32.05 kcal,22.24 kcal,22.02 kcal,219.58 kcal,208.90 kcal,359.82 kcal,361.73 kcal,95.10 kcal,90.88 kcal,160.60 kcal,163.54 kcal,165.85 kcal,167.97 kcal,153.26 kcal,154.46 kcal,94.78 kcal,95.31 kcal,"1,334.47 kcal","1,361.71 kcal"
Micronesia (FAO),63.00 kcal,60.00 kcal,16.00 kcal,21.00 kcal,360.00 kcal,363.00 kcal,923.00 kcal,888.00 kcal,365.00 kcal,415.00 kcal,75.00 kcal,76.00 kcal,110.00 kcal,115.00 kcal,165.00 kcal,162.00 kcal,6.00 kcal,7.00 kcal,871.00 kcal,835.00 kcal
Middle Africa (FAO),14.00 kcal,16.00 kcal,42.00 kcal,34.00 kcal,76.00 kcal,71.00 kcal,273.00 kcal,253.00 kcal,92.00 kcal,90.00 kcal,13.00 kcal,14.00 kcal,138.00 kcal,132.00 kcal,988.00 kcal,991.00 kcal,66.00 kcal,62.00 kcal,613.00 kcal,599.00 kcal
Net Food Importing Developing Countries (FAO),27.00 kcal,29.00 kcal,21.00 kcal,21.00 kcal,173.00 kcal,182.00 kcal,304.00 kcal,313.00 kcal,110.00 kcal,101.00 kcal,119.00 kcal,114.00 kcal,141.00 kcal,142.00 kcal,251.00 kcal,253.00 kcal,89.00 kcal,92.00 kcal,"1,289.00 kcal","1,295.00 kcal"
North America,38.87 kcal,39.55 kcal,119.42 kcal,123.02 kcal,526.07 kcal,522.69 kcal,751.70 kcal,772.64 kcal,436.53 kcal,440.18 kcal,359.24 kcal,363.65 kcal,226.34 kcal,216.94 kcal,86.89 kcal,85.03 kcal,56.44 kcal,53.54 kcal,961.71 kcal,970.81 kcal
Northern Africa (FAO),31.00 kcal,26.00 kcal,4.00 kcal,4.00 kcal,302.00 kcal,300.00 kcal,378.00 kcal,403.00 kcal,147.00 kcal,145.00 kcal,161.00 kcal,159.00 kcal,287.00 kcal,282.00 kcal,67.00 kcal,73.00 kcal,54.00 kcal,58.00 kcal,"1,720.00 kcal","1,705.00 kcal"
Northern America (FAO),39.00 kcal,42.00 kcal,138.00 kcal,140.00 kcal,579.00 kcal,585.00 kcal,952.00 kcal,975.00 kcal,516.00 kcal,521.00 kcal,440.00 kcal,442.00 kcal,233.00 kcal,220.00 kcal,103.00 kcal,100.00 kcal,37.00 kcal,32.00 kcal,808.00 kcal,822.00 kcal
Northern Europe (FAO),127.00 kcal,132.00 kcal,142.00 kcal,149.00 kcal,350.00 kcal,345.00 kcal,645.00 kcal,627.00 kcal,407.00 kcal,405.00 kcal,434.00 kcal,447.00 kcal,200.00 kcal,190.00 kcal,121.00 kcal,115.00 kcal,20.00 kcal,22.00 kcal,956.00 kcal,959.00 kcal
Oceania,93.40 kcal,85.99 kcal,115.68 kcal,140.82 kcal,354.61 kcal,354.92 kcal,684.27 kcal,661.56 kcal,424.36 kcal,411.72 kcal,290.44 kcal,263.28 kcal,222.63 kcal,225.84 kcal,194.25 kcal,194.83 kcal,38.28 kcal,54.02 kcal,698.89 kcal,693.90 kcal
Oceania (FAO),94.00 kcal,87.00 kcal,116.00 kcal,141.00 kcal,354.00 kcal,355.00 kcal,684.00 kcal,661.00 kcal,425.00 kcal,412.00 kcal,290.00 kcal,263.00 kcal,223.00 kcal,226.00 kcal,194.00 kcal,195.00 kcal,39.00 kcal,54.00 kcal,699.00 kcal,694.00 kcal
Small Island Developing States (FAO),43.00 kcal,40.00 kcal,80.00 kcal,75.00 kcal,324.00 kcal,315.00 kcal,374.00 kcal,418.00 kcal,242.00 kcal,226.00 kcal,123.00 kcal,114.00 kcal,316.00 kcal,304.00 kcal,213.00 kcal,199.00 kcal,77.00 kcal,68.00 kcal,920.00 kcal,950.00 kcal
South America,31.90 kcal,33.16 kcal,91.94 kcal,88.64 kcal,411.05 kcal,375.78 kcal,553.98 kcal,587.75 kcal,394.15 kcal,392.54 kcal,271.76 kcal,277.02 kcal,175.89 kcal,177.11 kcal,146.72 kcal,146.48 kcal,85.45 kcal,83.20 kcal,916.90 kcal,949.30 kcal
South America (FAO),32.00 kcal,32.00 kcal,92.00 kcal,89.00 kcal,408.00 kcal,374.00 kcal,554.00 kcal,588.00 kcal,395.00 kcal,392.00 kcal,271.00 kcal,277.00 kcal,176.00 kcal,177.00 kcal,147.00 kcal,147.00 kcal,86.00 kcal,83.00 kcal,917.00 kcal,949.00 kcal
South-eastern Asia (FAO),38.00 kcal,40.00 kcal,42.00 kcal,43.00 kcal,282.00 kcal,288.00 kcal,377.00 kcal,433.00 kcal,235.00 kcal,217.00 kcal,71.00 kcal,72.00 kcal,157.00 kcal,171.00 kcal,121.00 kcal,118.00 kcal,25.00 kcal,23.00 kcal,"1,530.00 kcal","1,498.00 kcal"
Southern Africa (FAO),42.00 kcal,49.00 kcal,115.00 kcal,158.00 kcal,316.00 kcal,301.00 kcal,422.00 kcal,454.00 kcal,276.00 kcal,312.00 kcal,126.00 kcal,127.00 kcal,69.00 kcal,71.00 kcal,76.00 kcal,81.00 kcal,14.00 kcal,18.00 kcal,"1,319.00 kcal","1,162.00 kcal"
Southern Asia (FAO),27.00 kcal,31.00 kcal,12.00 kcal,12.00 kcal,225.00 kcal,209.00 kcal,365.00 kcal,364.00 kcal,53.00 kcal,51.00 kcal,196.00 kcal,204.00 kcal,146.00 kcal,150.00 kcal,57.00 kcal,58.00 kcal,110.00 kcal,112.00 kcal,"1,353.00 kcal","1,390.00 kcal"
Southern Europe (FAO),50.00 kcal,50.00 kcal,148.00 kcal,146.00 kcal,310.00 kcal,311.00 kcal,823.00 kcal,852.00 kcal,412.00 kcal,405.00 kcal,402.00 kcal,402.00 kcal,238.00 kcal,243.00 kcal,91.00 kcal,92.00 kcal,44.00 kcal,49.00 kcal,967.00 kcal,979.00 kcal
Upper-middle-income countries,42.19 kcal,45.45 kcal,86.64 kcal,85.70 kcal,225.90 kcal,213.26 kcal,454.99 kcal,492.55 kcal,355.38 kcal,355.94 kcal,180.28 kcal,190.18 kcal,307.60 kcal,315.71 kcal,136.01 kcal,132.96 kcal,34.70 kcal,35.04 kcal,"1,385.26 kcal","1,400.52 kcal"
Western Africa (FAO),26.00 kcal,32.00 kcal,19.00 kcal,22.00 kcal,112.00 kcal,110.00 kcal,386.00 kcal,381.00 kcal,78.00 kcal,76.00 kcal,33.00 kcal,34.00 kcal,148.00 kcal,147.00 kcal,567.00 kcal,562.00 kcal,108.00 kcal,110.00 kcal,"1,152.00 kcal","1,152.00 kcal"
Western Asia (FAO),64.00 kcal,77.00 kcal,19.00 kcal,22.00 kcal,294.00 kcal,261.00 kcal,574.00 kcal,568.00 kcal,174.00 kcal,192.00 kcal,246.00 kcal,259.00 kcal,254.00 kcal,264.00 kcal,58.00 kcal,59.00 kcal,73.00 kcal,74.00 kcal,"1,365.00 kcal","1,357.00 kcal"
Western Europe (FAO),60.00 kcal,68.00 kcal,202.00 kcal,191.00 kcal,403.00 kcal,425.00 kcal,874.00 kcal,876.00 kcal,380.00 kcal,375.00 kcal,506.00 kcal,522.00 kcal,211.00 kcal,221.00 kcal,117.00 kcal,113.00 kcal,12.00 kcal,13.00 kcal,831.00 kcal,816.00 kcal
World,35.78 kcal,39.75 kcal,63.60 kcal,62.60 kcal,242.48 kcal,234.50 kcal,451.18 kcal,468.01 kcal,238.51 kcal,235.50 kcal,192.79 kcal,198.73 kcal,220.62 kcal,223.57 kcal,154.04 kcal,154.02 kcal,63.60 kcal,64.59 kcal,"1,266.08 kcal","1,279.83 kcal"
1961,,,,,,,,,,,,,,,,,,,,
